{"type":"Topology","arcs":[[[623182,6124],[-10,-22],[-19,-30],[-24,-31],[-21,-22],[-33,-27],[-46,-29],[-39,-18],[-55,-16],[-32,-6],[-32,-3],[-25,0],[-41,2],[-44,8],[-37,11],[-47,20],[-35,20],[-43,32],[-23,22],[-36,16],[-44,27],[-31,24],[-17,16],[-30,35],[-16,22],[-20,36],[-16,40],[-11,39],[-5,29],[-1,24],[1,30],[7,47],[9,29],[9,23],[13,27],[20,30],[33,38],[28,25],[25,19],[45,25],[30,12],[43,13],[52,8],[32,2],[39,-1],[60,-9],[69,-15],[55,-15],[33,-12],[46,-23],[26,-16],[28,-21],[41,-38],[31,-39],[25,-42],[16,-35],[18,-35],[12,-30],[6,-21],[7,-46],[1,-35],[-4,-41],[-8,-34],[-15,-39]],[[624796,4166],[25,-14],[29,-20],[42,-36],[24,-27],[15,-19],[21,-34],[10,-20],[14,-36],[9,-31],[9,-54],[6,-59],[-1,-32],[-5,-41],[-13,-47],[-15,-37],[-25,-43],[-29,-37],[-21,-21],[-29,-23],[-27,-18],[-22,-12],[-34,-16],[-23,-8],[-41,-10],[-35,-6],[-51,-3],[-25,1],[-36,4],[-46,10],[-28,8],[-52,22],[-37,21],[-40,29],[-19,17],[-34,40],[-20,29],[-14,27],[-13,31],[-12,43],[-6,47],[1,40],[-4,38],[0,29],[4,39],[8,34],[8,23],[18,39],[13,21],[25,34],[16,18],[23,20],[36,27],[44,25],[23,9],[36,12],[37,8],[31,5],[38,2],[59,-5],[43,-8],[23,-7],[42,-16],[25,-12]],[[627355,3773],[32,-8],[36,-13],[49,-25],[21,-13],[61,-47],[22,-20],[30,-31],[28,-40],[19,-37],[14,-39],[8,-37],[3,-24],[0,-46],[-8,-45],[-10,-33],[-14,-33],[-25,-43],[-19,-24],[-21,-23],[-42,-38],[-26,-18],[-48,-26],[-44,-17],[-38,-9],[-59,-8],[-36,-1],[-49,4],[-56,13],[-36,13],[-26,12],[-37,22],[-24,17],[-27,24],[-19,21],[-23,29],[-13,20],[-40,74],[-11,27],[-9,28],[-7,39],[-3,39],[5,51],[12,45],[8,22],[19,37],[18,26],[31,37],[40,35],[42,26],[35,17],[24,9],[31,9],[31,7],[45,4],[57,-1],[49,-8]],[[627680,2567],[-566,-771]],[[627114,1796],[-696,502],[-22,17],[-32,31],[-22,27],[-26,40],[-12,28],[-12,35],[-8,41],[-2,24],[1,30],[2,24],[6,30],[8,23],[13,34],[15,26],[74,120],[29,40],[30,32],[59,51],[37,26],[22,13],[53,23],[37,12],[46,8],[32,3],[52,-2],[32,-4],[39,-9],[33,-10],[35,-16],[69,-34],[23,-12],[651,-382]],[[628308,817],[-566,524],[-628,455]],[[627680,2567],[663,-388],[31,-21],[20,-16],[31,-30],[12,-14],[584,-728]],[[629021,1370],[-713,-553]],[[0,83],[0,567],[21,-27],[43,-64],[18,-29],[14,-27],[12,-28],[15,-51],[5,-34],[2,-37],[-4,-47],[-5,-27],[-12,-42],[-9,-22],[-18,-36],[-27,-42],[-25,-27],[-30,-27]],[[629021,1370],[580,-720],[0,-567],[-29,-21],[-22,-13],[-39,-19],[-31,-12],[-31,-8],[-26,-5],[-49,-5],[-59,2],[-35,5],[-51,14],[-51,19],[-50,26],[-32,23],[-24,20],[-764,708]]],"transform":{"scale":[0.0005717907055420814,0.0006296303252885625],"translate":[-180,-9.6372417]},"objects":{"boundaries_annotated1":{"type":"GeometryCollection","geometries":[{"arcs":[[0]],"type":"Polygon","properties":{"ISO3166-2":"TV-NMA","admin_level":"8","boundary":"administrative","name":"Nanumea","type":"boundary","wikidata":"Q174618","id":"relation/3766584","country":"TV"},"id":"relation/3766584"},{"arcs":[[1]],"type":"Polygon","properties":{"ISO3166-2":"TV-NUI","admin_level":"8","boundary":"administrative","name":"Nui","type":"boundary","wikidata":"Q547997","id":"relation/3766617","country":"TV"},"id":"relation/3766617"},{"arcs":[[2]],"type":"Polygon","properties":{"ISO3166-2":"TV-VAI","admin_level":"8","boundary":"administrative","name":"Vaitupu","type":"boundary","wikidata":"Q632495","id":"relation/3766625","country":"TV","region":"Tuvalu"},"id":"relation/3766625"},{"arcs":[[3,4]],"type":"Polygon","properties":{"ISO3166-2":"TV-NKF","admin_level":"8","boundary":"administrative","name":"Nukufetau","type":"boundary","wikidata":"Q745924","wikipedia":"en:Nukufetau","id":"relation/3766655","country":"TV","region":"Tuvalu"},"id":"relation/3766655"},{"arcs":[[5,-4,6,7]],"type":"Polygon","properties":{"ISO3166-2":"TV-FUN","admin_level":"8","boundary":"administrative","name":"Funafuti","name:ace":"Funafuti","name:af":"Funafuti","name:am":"ፉናፉቲ","name:ar":"فونافوتي","name:ast":"Funafuti","name:az":"Funafuti","name:be":"Фунафуці","name:be-tarask":"Фунафуці","name:bg":"Фунафути","name:bn":"ফুনাফুতি","name:bo":"ཕུ་ན་ཕུ་ཊི།","name:br":"Funafuti","name:bs":"Funafuti","name:ca":"Funafuti","name:cdo":"Funafuti","name:ceb":"Funafuti","name:cs":"Funafuti","name:cy":"Funafuti","name:da":"Funafuti","name:de":"Funafuti","name:el":"Φουναφούτι","name:en":"Funafuti","name:eo":"Funafutio","name:es":"Funafuti","name:et":"Funafuti","name:eu":"Funafuti","name:fa":"فونافوتی","name:fi":"Funafuti","name:fo":"Funafuti","name:fr":"Funafuti","name:gd":"Funafuti","name:gl":"Funafuti","name:hak":"Funafuti","name:he":"פונאפוטי","name:hi":"फुनाफुति","name:hif":"Funafuti","name:hr":"Funafuti","name:ht":"Founafouti","name:hu":"Funafuti","name:hy":"Ֆունաֆուտի","name:ia":"Funafuti","name:id":"Funafuti","name:ie":"Funafuti","name:io":"Funafuti","name:is":"Fúnafútí","name:it":"Funafuti","name:ja":"フナフティ島","name:ka":"ფუნაფუტი","name:ko":"푸나푸티","name:la":"Funafuti","name:lb":"Funafuti","name:lij":"Funafuti","name:lmo":"Funafuti","name:lt":"Funafutis","name:lv":"Funafuti","name:mk":"Фунафути","name:ml":"ഫ്യൂനഫ്യൂടി","name:mr":"फुनाफुती","name:mrj":"Фунафути","name:ms":"Funafuti","name:mt":"Funafuti","name:nan":"Funafuti","name:nl":"Funafuti","name:nn":"Funafuti","name:no":"Funafuti","name:ny":"Funafuti","name:oc":"Funafuti","name:os":"Фунафути","name:pa":"ਫ਼ੁਨਾਫ਼ੁਤੀ","name:pih":"Funafuti","name:pl":"Funafuti","name:pms":"Funafuti","name:ps":"فونافوتي","name:pt":"Funafuti","name:ro":"Funafuti","name:ru":"Фунафути","name:rw":"Funafuti","name:sah":"Фунафути","name:sc":"Funafuti","name:sh":"Funafuti","name:simple":"Funafuti","name:sk":"Funafuti","name:sl":"Funafuti","name:sn":"Funafuti","name:sq":"Funafuti","name:sr":"Фунафути","name:sv":"Funafuti","name:sw":"Funafuti","name:ta":"ஃபுனஃபூட்டி","name:tg":"Фунафути","name:th":"ฟูนาฟูตี","name:tl":"Funafuti","name:uk":"Фунафуті","name:ur":"فونافوتی","name:uz":"Funafuti","name:vep":"Funafuti","name:vi":"Funafuti","name:war":"Funafuti","name:wuu":"富纳富提","name:xmf":"ფუნაფუტი","name:yue":"富納富提","name:zh":"富纳富提","type":"boundary","wikidata":"Q34126","wikipedia":"en:Funafuti","id":"relation/3766660","country":"TV"},"id":"relation/3766660"},{"arcs":[[[8]],[[-8,9]]],"type":"MultiPolygon","properties":{"ISO3166-2":"TV-NKL","admin_level":"8","boundary":"administrative","name":"Nukulaelae","type":"boundary","wikidata":"Q128654","wikipedia":"en:Nukulaelae","id":"relation/3766670","country":"TV","region":"Tuvalu"},"id":"relation/3766670"}]},"boundaries_annotated2":{"type":"GeometryCollection","geometries":[{"type":"Point","coordinates":[624612,3797],"properties":{"id":"node/754074557","country":"TV"},"id":"node/754074557"},{"type":"Point","coordinates":[622806,6295],"properties":{"id":"node/2843317135","country":"TV"},"id":"node/2843317135"},{"type":"Point","coordinates":[628199,1774],"properties":{"id":"node/3376265049","country":"TV"},"id":"node/3376265049"},{"type":"Point","coordinates":[629267,424],"properties":{"id":"node/4479761317","country":"TV"},"id":"node/4479761317"},{"type":"Point","coordinates":[626652,2557],"properties":{"id":"node/4365987408","country":"TV"},"id":"node/4365987408"},{"type":"Point","coordinates":[627292,3412],"properties":{"id":"node/6989699637","country":"TV"},"id":"node/6989699637"}]}}}